<?xml version="1.0" encoding="UTF-8"?>
<!DOCTYPE hibernate-configuration PUBLIC
        "-//Hibernate/Hibernate Configuration DTD 3.0//EN"
        "http://www.hibernate.org/dtd/hibernate-configuration-3.0.dtd">

<hibernate-configuration>	
    <session-factory>
    <!-- Database connection settings -->
    <property name="hibernate.dialect">org.hibernate.dialect.MySQLDialect</property>
    <property name="hibernate.connection.driver_class">com.mysql.jdbc.Driver</property>
    <property name="hibernate.connection.url">jdbc:mysql://localhost:3306/hibernate_cms_mapping</property>
    <property name="hibernate.connection.username">root</property>
    <property name="hibernate.connection.password">root</property>

        <!-- Disable the second-level cache  -->
        <property name="cache.provider_class">org.hibernate.cache.internal.NoCacheProvider</property>

        <!-- Tüm yürütülen sql'leri consolda yazar -->
        <property name="show_sql">true</property>

        <!--update seçeneği tablo varsa tablomuzu silip yeniden oluşturmaz üstüne ekler-->
 	<!--update yerine create yazarsak her çalıştırdığımızda tablomuzu silip yeniden oluşturur -->
       <property name="hbm2ddl.auto">update</property>


        <!-- Entity classımızı tanımlıyoruz -->
	
	<mapping class="com.yash.cms.model.Contact"/>
	<mapping class="com.yash.cms.model.Person"/>
	<mapping class="com.yash.cms.model.User"/>
    </session-factory>
</hibernate-configuration>